alt;neu
handwerker.txt;Finanzen/Rechnungen/2026-01-22_Mueller-Sanitaer_Rechnung.txt
dokument (1).txt;Finanzen/Rechnungen/2026-02-05_Telekom_Rechnung.txt
rechnung.txt;Finanzen/Rechnungen/2026-02-18_Amazon_Rechnung.txt
Scan_20260312_0001.txt;Finanzen/Rechnungen/2026-03-12_Vattenfall_Stromrechnung.txt
tabelle.csv;Finanzen/Buchhaltung/2026-02_Einnahmen-Ausgaben.csv
Unbenannt.txt;Wohnen/2026-01-01_Hausverwaltung-Berghaus_Mietvertrag-Nachtrag.txt
final_FINAL_v2.txt;Korrespondenz/2026-03-10_TK_Antrag-Kostenerstattung.txt
KW10 an Steuerberater.txt;Korrespondenz/2026-03-06_Steuerberater-Meyer_Mail-Belege-EUeR-2025.txt
Notizen.txt;Projekte/Webseite-Relaunch/2026-03-20_Webseite-Relaunch_Besprechungsnotiz.txt
bewerbung_anschreiben_ENTWURF.txt;Bewerbung/undatiert_Initiativbewerbung_Anschreiben-ENTWURF.txt
GE_aktienkurs.csv;Daten/2003-2007_GE_Aktienkurs.csv
QUELLEN_echte-daten.md;Referenz/QUELLEN_echte-daten.md
Screenshot 2026-03-01 142210.png;Bilder/Screenshots/2026-03-01_Screenshot_LibreOffice-UI-Auswahl.png
Bildschirmfoto_code.jpg;Bilder/Screenshots/undatiert_Screenshot_PHP-Code.jpg
WhatsApp Image 2026-02-14.jpeg;Bilder/Fotos/2026-02-14_WhatsApp_Urlaub-Steg-Koffer.jpeg
DSC00045.JPG;Bilder/Fotos/undatiert_Foto_Kueste-Luftaufnahme.JPG
DSC00891.JPG;Bilder/Fotos/undatiert_Foto_Geldscheine.JPG
foto.jpg;Bilder/Fotos/undatiert_Foto_Welpen.jpg
foto_schreibtisch.jpg;Bilder/Fotos/undatiert_Foto_Schreibtisch-Diagramme.jpg
IMG_2031.jpg;Bilder/Fotos/undatiert_Foto_Schmetterlinge.jpg
IMG_2032.jpg;Bilder/Fotos/undatiert_Foto_Stoffe.jpg
IMG_8842.jpg;Bilder/Fotos/undatiert_Foto_Aktenordner.jpg
rechnung (1).txt;_duplikate/rechnung (1).txt
foto - Kopie.jpg;_duplikate/foto - Kopie.jpg
